cycle,type_charge,type_discharge,voltage_mean,voltage_min,voltage_max,current_mean,temperature_mean,time_max,estimated_soc
1,1,0,4.187419504014827,3.479393559379272,4.2099486995035615,0.6434546691871927,25.32407901830568,7597.875,100.0
2,0,1,3.5298286688693397,2.612467347907089,4.191491807505295,-1.8187019641679727,32.572328114029,3690.234,88.88888888888889
3,1,0,4.058826443375249,3.001950570776504,4.213016370444398,0.9490426727251161,26.635622628116085,10516.0,77.77777777777779
4,0,1,3.5373201277859714,2.587208728940726,4.189773213846608,-1.8175598506612867,32.72523522519307,3672.344,66.66666666666667
5,1,0,4.058138828852896,3.0358785775794024,4.212788046609961,0.9505286974657304,26.778175507896698,10484.547,55.55555555555556
6,0,1,3.5437367282719,2.6519168938437794,4.188186735991303,-1.8164865418840956,32.64286193755933,3651.641,44.44444444444444
7,1,0,4.058904789088504,3.0661450551857485,4.212924011950438,0.9523115206216739,26.70320405781683,10397.89,33.333333333333336
8,0,1,3.5436661072601456,2.592947964776547,4.188461118855572,-1.8255891938692528,32.51487646204882,3631.563,22.22222222222222
9,1,0,4.058329981003973,3.0637656606174013,4.2128738833616,0.9477284862498987,26.617004288392003,10495.203,11.111111111111116
10,0,1,3.5423432526672167,2.547419651124539,4.188298524761055,-1.8261139590277586,32.38234901543077,3629.172,0.0
11,1,0,4.059785107501149,3.0593224041262927,4.212763963219923,0.9326606943848299,26.51849450408942,10792.672,-11.111111111111116
12,0,1,3.5413347346347575,2.5209480504077413,4.188815807948604,-1.8168108743168803,32.43418218230641,3652.281,-22.222222222222232
13,1,0,4.058914241429766,3.0533599221041614,4.213176751734383,0.9322724824266048,26.620706323978894,10789.985,-33.33333333333333
14,0,1,3.5410250495075215,2.487927319492314,4.18839163793879,-1.816791144707133,32.480416444757985,3650.828,-44.44444444444444
15,1,0,4.053425643583468,3.048720950345317,4.212850577044761,0.9653291698755072,26.737918888901717,10127.562,-55.55555555555556
16,0,1,3.554133296801584,2.6652049047458775,4.188927891511958,-1.8443412120754061,32.41046186109587,3572.453,-66.66666666666667
17,1,0,4.055637707823975,3.0824222303522406,4.213141772335243,0.9616213808811537,26.74145703066146,10147.952999999994,-77.77777777777777
18,0,1,3.5529355991467955,2.6038584726333673,4.189029250882121,-1.853972745505648,32.3461408313,3550.594,-88.88888888888889
19,1,0,4.0551389874488235,3.075795646323062,4.212949842741421,0.9608152867945828,26.7021703105932,10162.094,-100.0
20,0,1,3.5512057319376997,2.552853984885676,4.189223427076418,-1.8535899338510957,32.27679750791685,3551.25,-111.11111111111111
21,1,0,4.054491573689291,3.06985284508505,4.2132271723869295,0.961954518108792,26.608132946993933,10119.375,-122.22222222222223
22,0,1,3.549292319740949,2.4724483018527317,4.188916055911241,-1.863380178294828,32.15709350345252,3530.25,-133.33333333333334
23,1,0,4.0526146919932,3.0612589860161115,4.212826399381091,0.9688176644385617,26.63314786563377,10013.235,-144.44444444444446
24,1,0,4.076087195502948,3.34157125606709,4.212863906558764,0.948479102987148,27.033644494333256,9586.875,-155.55555555555554
25,0,1,3.559759220648976,2.64956413267546,4.189876247266316,-1.872968810287894,32.36407129853099,3491.016,-166.66666666666666
26,1,0,4.054612747973269,3.092615790717664,4.212724851227894,0.9671176035785914,26.870618187745674,9952.359,-177.77777777777777
27,0,1,3.558081969139198,2.5724981777366227,4.189286794768804,-1.8826095043160833,32.3181954403762,3470.281,-188.88888888888889
28,1,0,4.059265909682025,3.082964486167869,4.213057848582499,0.9281364622466176,26.738987031481408,10758.031000000003,-200.0
29,0,1,3.555692244172496,2.5249886697730286,4.188837765892728,-1.882536787636365,32.15709029211502,3470.0,-211.11111111111111
30,1,0,4.053495431054621,3.0770823404741723,4.213191057068328,0.9687280220511734,26.692190227813647,9921.75,-222.22222222222223
31,0,1,3.562746818017503,2.694621861688723,4.189110301768517,-1.8817935155260215,32.04407000314609,3450.297,-233.33333333333334
32,1,0,4.057009589497505,3.1099815648289453,4.212768567166564,0.9622055340791629,26.563313470921162,10000.25,-244.44444444444446
33,0,1,3.5614521756489204,2.64010141737067,4.18921207304098,-1.8921861285036712,31.931593674911532,3429.407,-255.55555555555554
34,1,0,4.056509050138727,3.1054460082871422,4.21291099996523,0.9646896474341132,26.52595276450022,9936.031,-266.66666666666663
35,0,1,3.5603420474985823,2.5739035098380962,4.188899969428112,-1.9027629207037406,31.941655359029298,3409.484,-277.77777777777777
36,1,0,4.055991881873581,3.098521142673477,4.213175415157681,0.962272056961881,26.591676949772925,9989.532,-288.88888888888886
37,0,1,3.5591189041401865,2.4942396831720126,4.188779799856791,-1.9133470605822436,31.965008645476725,3390.422,-300.0
38,1,0,4.056478346718693,3.089171188226161,4.212972694840331,0.9537153567418096,26.645032205307864,10158.782,-311.1111111111111
39,0,1,3.557886771846508,2.4556793246645583,4.189272591516219,-1.9131602105481538,31.966241678512723,3390.281,-322.22222222222223
40,1,0,4.079851333950047,3.235784344365443,4.212806303346363,0.9411642330468534,25.663244609650953,10289.312,-333.3333333333333
41,0,0,,,,,,,-1233.3333333333335
42,0,1,3.5520375235511907,2.632142800798914,4.187614060563439,-1.8553455745575975,32.37143341978575,3591.734,-355.55555555555554
43,0,0,,,,,,,-1300.0
44,1,0,4.057903790387567,3.0683685778510936,4.213442172806784,0.9612867786553304,26.015018000119397,10283.077999999994,-377.77777777777777
45,0,0,,,,,,,-1366.6666666666665
46,0,1,3.5525668436897124,2.5027764692056795,4.1876287811083985,-1.8746995273150975,32.70024990461686,3552.297,-400.0
47,0,0,,,,,,,-1433.3333333333335
48,1,0,4.056383883924776,3.062344528295997,4.212832102518414,0.963212383695507,26.09181445728815,10281.39,-422.22222222222223
49,0,0,,,,,,,-1500.0
50,0,1,3.556794038327039,2.617507742871704,4.187447226312926,-1.873827212788385,32.32266411829938,3531.578,-444.44444444444446
51,0,0,,,,,,,-1566.6666666666667
52,1,0,4.058279288673889,3.0904138909445984,4.212770290752828,0.9697506680439039,25.709030057450274,10081.797,-466.6666666666667
53,0,0,,,,,,,-1633.3333333333333
54,0,1,3.5614100044534203,2.694074478000972,4.187344026387161,-1.883193546754683,31.98795810666763,3492.907,-488.8888888888889
55,0,0,,,,,,,-1700.0
56,1,0,4.065739463308087,3.1140130371184864,4.213276766831537,0.931056714150449,25.473631563964574,10797.328,-511.1111111111111
57,0,0,,,,,,,-1766.6666666666667
58,0,1,3.5566107947817986,2.6237674644021887,4.187438187636325,-1.873239184822504,31.894456524691385,3511.594,-533.3333333333333
59,0,0,,,,,,,-1833.3333333333333
60,1,0,4.0611501521821065,3.108464373403045,4.212690151499114,0.9648375330851495,25.427401199812184,10099.218,-555.5555555555555
61,0,0,,,,,,,-1900.0
62,0,1,3.5586742170266272,2.5010798299873738,4.18774138117799,-1.9139593751505897,31.78039681801023,3431.9370000000054,-577.7777777777777
63,0,0,,,,,,,-1966.6666666666667
64,1,0,4.060647477294544,3.099532736693632,4.212873191810286,0.9656310887431298,25.37095530984966,10078.719,-600.0
65,0,0,,,,,,,-2033.3333333333333
66,0,1,3.564103182686905,2.6849988185249796,4.188261122540052,-1.9030532722310995,31.688747146342205,3431.125,-622.2222222222223
67,0,0,,,,,,,-2100.0
68,1,0,4.067270138639281,3.133150786659082,4.213238259402031,0.9343625511181636,25.273682170348483,10617.375,-644.4444444444445
69,0,0,,,,,,,-2166.666666666667
70,0,1,3.559588063594272,2.547109116468133,4.187338767288234,-1.9134590742247914,31.596747992569153,3412.406,-666.6666666666667
71,0,0,,,,,,,-2233.333333333333
72,1,0,4.06627015738475,3.119641559381448,4.213312787594857,0.9378723891405097,25.188122631656277,10564.157,-688.8888888888889
73,0,0,,,,,,,-2300.0
74,0,1,3.556833231052199,2.471314764334132,4.187560306288175,-1.913620909902553,31.565586498787077,3410.688,-711.1111111111111
75,0,0,,,,,,,-2366.666666666667
76,1,0,4.063497194671534,3.117821882492223,4.212902355486726,0.9583515841331876,25.208644345593083,10143.984,-733.3333333333334
77,0,0,,,,,,,-2433.333333333333
78,0,1,3.5624410850948944,2.6613903306108773,4.18805176248713,-1.9025819745719061,31.59124667045208,3410.718,-755.5555555555555
79,0,0,,,,,,,-2500.0
80,1,0,4.070367166586395,3.148580175410883,4.212958241599311,0.923985399312232,25.22309620072603,10790.452999999994,-777.7777777777778
81,0,0,,,,,,,-2566.666666666667
82,0,1,3.5591407106855666,2.541762355407921,4.187667484260542,-1.9130621638638965,31.603485399391182,3392.719,-800.0
83,0,0,,,,,,,-2633.333333333333
84,1,0,4.0705017213426595,3.1580925982193535,4.213259231541884,0.9376239238395178,25.60871637467594,10442.891,-822.2222222222222
85,1,0,4.210968137972064,3.819395599301223,8.393141180564633,0.0073240257131663026,23.904181418379917,1674.484,-833.3333333333334
86,0,1,3.5573161327793144,2.628919415830567,4.2010701773378685,-1.920618117118412,31.91556385491565,3470.672,-844.4444444444445
87,0,0,,,,,,,-2766.666666666667
88,1,0,4.130785490934083,3.0915429116168727,4.209223108011576,0.6962458837408647,25.487835720020833,10113.656,-866.6666666666666
89,0,0,,,,,,,-2833.333333333333
90,0,1,3.561870782772737,2.6312552691827045,4.1996223345495824,-1.9298830859597569,32.081128118597164,3414.109,-888.8888888888889
91,0,0,,,,,,,-2900.0
92,1,0,4.1327876409997755,3.1353563535730373,4.2088651384450735,0.6900210401744445,25.536147530542536,10137.89,-911.1111111111111
93,0,0,,,,,,,-2966.666666666667
94,0,1,3.5617586337260088,2.654880745360911,4.199853323702163,-1.9293005284805407,31.849792632896243,3395.219,-933.3333333333334
95,0,0,,,,,,,-3033.333333333333
96,1,0,4.137730987261442,3.1610721465158074,4.208915856299548,0.652562076583841,25.116393283510156,10651.657,-955.5555555555555
97,0,0,,,,,,,-3100.0
98,0,1,3.5597307651083123,2.6749688422803803,4.199103467081427,-1.923330987770314,31.465690433362017,3386.0,-977.7777777777778
99,0,0,,,,,,,-3166.6666666666665
100,1,0,4.135482199390235,3.1817353485221376,4.209312403034285,0.6894028487761957,24.93654575305907,10032.485,-1000.0
101,0,0,,,,,,,-3233.3333333333335
102,0,1,3.5575937553540915,2.6159705726789904,4.199998536865001,-1.9284469980320087,31.40934895665031,3368.187,-1022.2222222222222
103,0,0,,,,,,,-3300.0
104,1,0,4.139326441744096,3.188736239230124,4.209847565954341,0.6521290223116658,25.09997200587896,10574.297,-1044.4444444444446
105,0,0,,,,,,,-3366.6666666666665
106,0,1,3.5597237883937995,2.658447162110498,4.19967522099872,-1.9231439161693824,31.902247475518077,3368.266,-1066.6666666666665
107,0,0,,,,,,,-3433.3333333333335
108,1,0,4.138977878664847,3.1995494512602285,4.208965362941993,0.6568967324675313,25.238210571113736,10461.735,-1088.888888888889
109,0,0,,,,,,,-3500.0
110,0,1,3.559061771422033,2.6979426084271156,4.1991847248803165,-1.9170149640438081,31.649024294808623,3358.719,-1111.111111111111
111,0,0,,,,,,,-3566.6666666666665
112,1,0,4.1375438860840354,3.2162013536262384,4.209292498751627,0.6848687577377983,25.076721129383717,9993.062000000005,-1133.3333333333335
113,0,0,,,,,,,-3633.3333333333335
114,0,1,3.557015527748059,2.6617272246516333,4.200012480335,-1.922048805055383,31.48874626238971,3339.5,-1155.5555555555554
115,0,0,,,,,,,-3700.0
116,1,0,4.142130778874384,3.223928529991111,4.209583847791707,0.6428013189320935,24.785407292651822,10602.281,-1177.7777777777778
117,0,0,,,,,,,-3766.6666666666665
118,0,1,3.5562481933590964,2.699288287625812,4.1992373656547874,-1.9162302821549877,31.329995610092634,3331.265,-1200.0
119,0,0,,,,,,,-3833.3333333333335
120,1,0,4.143752782064051,3.239300973000498,4.209668023401793,0.6353957512752219,24.684734315899224,10667.969,-1222.2222222222222
121,0,0,,,,,,,-3900.0
122,0,1,3.5532756526091784,2.6127932408838532,4.1993957811187075,-1.9220800182578983,31.569551201845574,3321.188,-1244.4444444444446
123,0,0,,,,,,,-3966.6666666666665
124,1,0,4.142407348200686,3.2364581942530544,4.209651256417474,0.644943392264159,25.22288378016189,10504.781,-1266.6666666666665
125,0,0,,,,,,,-4033.3333333333335
126,0,1,3.556266431640255,2.6637064901468075,4.1995786980260705,-1.9162417890311958,32.111426258867944,3321.844,-1288.888888888889
127,0,0,,,,,,,-4100.0
128,1,0,4.140988175836148,3.24280663963839,4.208972610120855,0.6592412796626481,25.651300573733486,10246.781,-1311.111111111111
129,0,0,,,,,,,-4166.666666666666
130,0,1,3.5563095420140822,2.6668454289754746,4.199546957512695,-1.9158809823517762,32.271676011112376,3311.828,-1333.3333333333335
131,0,0,,,,,,,-4233.333333333334
132,1,0,4.141220239838989,3.247480792255816,4.208924563756907,0.6624066950520237,25.56869332326285,10166.218999999997,-1355.5555555555554
133,0,0,,,,,,,-4300.0
134,0,1,3.558950851054106,2.684431051981017,4.194091469340824,-1.9114406265753041,31.842291659678658,3327.391,-1377.7777777777778
135,1,0,4.145471994664563,3.2325525653503906,4.209761448406007,0.6261909523367005,25.077792180591818,10804.922,-1388.888888888889
136,0,1,3.5534418211598053,2.645224362345869,4.200715235801255,-1.9158166997544155,31.759815453754253,3312.078,-1400.0
137,0,0,,,,,,,-4433.333333333334
138,1,0,4.14506668505229,3.2460008786636303,4.2099926286120235,0.6255590922646385,24.88199584693937,10758.985,-1422.2222222222222
139,0,0,,,,,,,-4500.0
140,0,1,3.5510121537420285,2.6603527244917,4.1990980807180325,-1.9151304155635374,31.41911167391793,3293.172,-1444.4444444444446
141,0,0,,,,,,,-4566.666666666666
142,1,0,4.1439383443857984,3.258925472084767,4.20985882694637,0.6488218351577303,24.755786611089874,10317.515,-1466.6666666666665
143,0,0,,,,,,,-4633.333333333334
144,0,1,3.551317608213948,2.6926849789916263,4.199398534411534,-1.9148485784393638,31.331626572312267,3275.328,-1488.888888888889
145,0,0,,,,,,,-4700.0
146,1,0,4.147603583681183,3.2692690512059093,4.209887230778187,0.6152408363821585,24.655846530387144,10805.734,-1511.111111111111
147,0,0,,,,,,,-4766.666666666666
148,0,1,3.549003180550162,2.670544734728978,4.199122915612965,-1.9144128654409127,31.35934131425137,3265.016,-1533.3333333333333
149,1,0,4.144169219623314,3.3033140359155366,4.208756826791167,0.6655584759744552,25.34567237446073,9946.391,-1544.4444444444443
150,0,1,3.5597648340955175,2.605158060541757,4.190409478081396,-1.9388813849818083,34.31088483888259,3328.937,-1555.5555555555557
151,0,0,,,,,,,-4900.0
152,1,0,4.131849671664145,3.1336137688971912,4.209078075122493,0.6848433296419463,27.394756753879477,10063.547,-1577.7777777777778
153,0,0,,,,,,,-4966.666666666666
154,0,1,3.5623454342368555,2.672012007453096,4.199933846791869,-1.927509725704535,33.43585640373788,3329.266,-1600.0
155,0,0,,,,,,,-5033.333333333334
156,1,0,4.137762150724724,3.194525311567972,4.208951335685938,0.6556671395283481,26.62662742896046,10376.172,-1622.2222222222222
157,0,0,,,,,,,-5100.0
158,0,1,3.558336657621618,2.674271233724938,4.199365021329158,-1.9267185977839403,32.66698125020078,3301.579,-1644.4444444444443
159,0,0,,,,,,,-5166.666666666666
160,1,0,4.136417646225786,3.222452894613076,4.208915493791651,0.6916168312082189,26.046549681443857,9756.858999999997,-1666.6666666666667
161,0,0,,,,,,,-5233.333333333334
162,0,1,3.554013138622869,2.6309416727017187,4.19902365945384,-1.9261308349663746,32.28423408691397,3283.563,-1688.888888888889
163,0,0,,,,,,,-5300.0
164,1,0,4.143293464486577,3.235623629031344,4.209049100025683,0.6328237481397364,25.581948046823246,10610.906,-1711.111111111111
165,0,0,,,,,,,-5366.666666666666
166,0,1,3.552376095886298,2.6629725743154204,4.199432142144215,-1.9202346781375206,32.00739178780946,3275.125,-1733.3333333333333
167,0,0,,,,,,,-5433.333333333334
168,1,0,4.141204436224519,3.253161660922962,4.209569401740179,0.668387782555242,25.49138644694599,9978.078,-1755.5555555555557
169,0,0,,,,,,,-5500.0
170,0,1,3.549618661283733,2.612942119873717,4.199640922827531,-1.9201011498853633,32.06387071886056,3265.656,-1777.7777777777778
171,0,0,,,,,,,-5566.666666666666
172,1,0,4.143218012656775,3.2592554494686565,4.209622938017622,0.6491951599580638,25.701157771778043,10246.984,-1800.0
173,0,0,,,,,,,-5633.333333333334
174,0,1,3.54938103086703,2.6157198442661476,4.199305653118061,-1.9144278105456467,32.43754560319043,3266.093,-1822.2222222222222
175,0,0,,,,,,,-5700.0
176,1,0,4.144865101412786,3.2649322937796708,4.209081297803344,0.6352097009956666,25.613934369346374,10437.047,-1844.4444444444443
177,0,0,,,,,,,-5766.666666666666
178,0,1,3.5472118680418956,2.6287695472774453,4.198949734540481,-1.908340706503589,32.16809876635083,3257.594,-1866.6666666666667
179,0,0,,,,,,,-5833.333333333334
180,1,0,4.147948571482696,3.279483281471355,4.208974409503451,0.6090395837543103,25.46355915016756,10805.827999999994,-1888.888888888889
181,0,0,,,,,,,-5900.0
182,0,1,3.5467052098640246,2.6655106679421823,4.19834220599025,-1.902207182631691,32.05752645824972,3248.593,-1911.111111111111
183,0,0,,,,,,,-5966.666666666666
184,1,0,4.149201403617409,3.291206125801604,4.209555035163918,0.6063799232898632,25.33969655722996,10805.375,-1933.3333333333333
185,0,0,,,,,,,-6033.333333333334
186,0,1,3.544629653883431,2.650495153350403,4.198995776266302,-1.9020484449938713,31.975920928072714,3238.766,-1955.5555555555557
187,0,0,,,,,,,-6100.0
188,1,0,4.149406779823055,3.2971153140129523,4.209137758018692,0.6108325931216375,25.31525129117544,10685.968,-1977.7777777777778
189,0,0,,,,,,,-6166.666666666666
190,0,1,3.5436291614253204,2.643236235233877,4.19916986492694,-1.8964907679062355,32.21689335291319,3240.14,-2000.0
191,0,0,,,,,,,-6233.333333333334
192,1,0,4.149090663397314,3.300542688148963,4.209099895596076,0.6146512973678119,25.828563716440225,10588.64,-2022.2222222222222
193,0,0,,,,,,,-6300.0
194,0,1,3.5444946147995258,2.656450207001938,4.199246833083063,-1.895971437908019,32.55632993697177,3230.109,-2044.4444444444443
195,0,0,,,,,,,-6366.666666666667
196,1,0,4.150424193061779,3.3051034396902876,4.209853267385404,0.6043008559339099,25.734607118644377,10736.094,-2066.666666666667
197,0,0,,,,,,,-6433.333333333333
198,0,1,3.5409201846556857,2.626177688152069,4.1992551886401595,-1.8899648799839277,32.40048085325998,3229.7810000000027,-2088.888888888889
199,0,0,,,,,,,-6500.0
200,1,0,4.146085129079872,3.3082686726641857,4.2096673235964825,0.661310694665889,25.76108296721704,9790.859,-2111.111111111111
201,0,0,,,,,,,-6566.666666666667
202,0,1,3.541195668799061,2.6582230344240045,4.199610827671791,-1.8893703824420507,32.29371860868794,3212.469,-2133.333333333333
203,0,0,,,,,,,-6633.333333333333
204,1,0,4.1499193977728535,3.3175201646841104,4.209786575419923,0.6265507198651841,25.571090931927195,10274.359,-2155.5555555555557
205,0,0,,,,,,,-6700.0
206,0,1,3.540671044783382,2.695100237338448,4.1994453812630566,-1.8776883243431417,32.136071448067796,3213.219,-2177.777777777778
207,0,0,,,,,,,-6766.666666666667
208,1,0,4.153218272900694,3.325912676457561,4.209876728572126,0.5961783460440804,25.430453941726714,10711.063,-2200.0
209,0,0,,,,,,,-6833.333333333333
210,0,1,3.5376048790268775,2.639091813583503,4.198991968341307,-1.8831065986697755,32.38268549723498,3203.578,-2222.222222222222
211,0,0,,,,,,,-6900.0
212,1,0,4.153201426027839,3.3224316122949804,4.209530517872284,0.5911635487881761,25.88337057270213,10806.015,-2244.4444444444443
213,0,0,,,,,,,-6966.666666666667
214,0,1,3.538422485261741,2.6857210282450983,4.197785116892181,-1.876359921441716,32.30899951427637,3195.125,-2266.666666666667
215,1,0,4.152014646554812,3.323183986237931,4.208914229782625,0.6076684839192972,25.87474661521862,10481.047,-2277.777777777778
216,0,1,3.53928626988912,2.69017866510873,4.201331130571617,-1.8709550260104437,32.56636929496716,3195.3129999999946,-2288.888888888889
217,0,0,,,,,,,-7100.0
218,1,0,4.151753271023818,3.334317071119612,4.20945720713541,0.6238567212454819,25.80758127668049,10153.36,-2311.111111111111
219,0,0,,,,,,,-7166.666666666667
220,0,1,3.533690170241391,2.639895313359579,4.199339974904826,-1.8705599868289542,32.46542951751835,3186.297,-2333.333333333333
221,0,0,,,,,,,-7233.333333333333
222,1,0,4.1547198806162084,3.334898622378469,4.2089346821451405,0.5916282471450443,25.5954074570814,10662.468,-2355.5555555555557
223,0,0,,,,,,,-7300.0
224,0,1,3.534367734544495,2.68991452927918,4.198916244859707,-1.8640049795794804,32.347056454418095,3176.438,-2377.777777777778
225,0,0,,,,,,,-7366.666666666667
226,1,0,4.154952006139018,3.3402795328318953,4.209707468094477,0.5968690147321589,25.55053773186138,10494.625,-2400.0
227,0,0,,,,,,,-7433.333333333333
228,0,1,3.5312941932103548,2.65935818848874,4.198537488587242,-1.8636932149873204,32.371538940646154,3167.593,-2422.222222222222
229,0,0,,,,,,,-7500.0
230,1,0,4.155379997866793,3.3409888939684156,4.209731200087021,0.5972973992880868,25.612623072192534,10467.75,-2444.4444444444443
231,0,0,,,,,,,-7566.666666666667
232,0,1,3.5309134771684274,2.6657030585650423,4.198943932259475,-1.857820396301907,32.45549347979197,3167.719,-2466.666666666667
233,0,0,,,,,,,-7633.333333333333
234,1,0,4.153316766159906,3.3428891919042925,4.209073152424942,0.6292572025313986,25.748665763785176,9904.406,-2488.888888888889
235,0,0,,,,,,,-7700.0
236,0,1,3.5287226893409893,2.642986759012803,4.199579806494986,-1.8572160981955346,32.50017194695606,3159.077999999994,-2511.111111111111
237,0,0,,,,,,,-7766.666666666667
238,1,0,4.157897041005441,3.3438818828882586,4.209596233803924,0.5745464300808845,25.6042633567313,10805.656,-2533.333333333333
239,0,0,,,,,,,-7833.333333333333
240,0,1,3.52625493581969,2.6311169118893036,4.198782234828033,-1.8568340008006827,32.50100298369444,3148.829,-2555.5555555555557
241,0,0,,,,,,,-7900.0
242,1,0,4.158301579574542,3.3442903966987885,4.209613645729595,0.5742692502982739,25.594290723516522,10777.328,-2577.777777777778
243,0,0,,,,,,,-7966.666666666667
244,0,1,3.528684324337005,2.696157404617167,4.19910517813207,-1.8448886500218815,32.4728927422438,3149.094,-2600.0
245,0,0,,,,,,,-8033.333333333333
246,1,0,4.159047289093139,3.348561399462872,4.209728406741538,0.5719762498110235,25.571898601563962,10745.86,-2622.222222222222
247,0,0,,,,,,,-8100.0
248,0,1,3.525556939424901,2.6667596238241567,4.198510853141954,-1.8444180038305806,32.50480154634882,3140.547,-2644.4444444444443
249,0,0,,,,,,,-8166.666666666667
250,1,0,4.159718967989124,3.349401479431822,4.208850308126176,0.5667429941903227,25.578913233960286,10806.781,-2666.666666666667
251,0,0,,,,,,,-8233.333333333332
252,0,1,3.5226805646793737,2.6403185448373043,4.198732430468704,-1.8438790389835118,32.51218336210202,3131.625,-2688.888888888889
253,0,0,,,,,,,-8300.0
254,1,0,4.160264481810484,3.3484111036158017,4.209548533406234,0.5656098440223737,25.533341503049385,10806.593999999997,-2711.111111111111
255,0,0,,,,,,,-8366.666666666668
256,0,1,3.524673458789008,2.69892986372897,4.198799630396931,-1.83711254029409,32.45692821941515,3121.907,-2733.333333333333
257,0,0,,,,,,,-8433.333333333332
258,1,0,4.159689082589737,3.3526814727062533,4.209155099660752,0.5820893376953541,25.528501101408498,10429.547,-2755.5555555555557
259,0,0,,,,,,,-8500.0
260,0,1,3.5213155754526824,2.6682466504352993,4.198753541225669,-1.8315957075983758,32.447059186431154,3122.125,-2777.777777777778
261,0,0,,,,,,,-8566.666666666668
262,1,0,4.161677857625895,3.3525209936945446,4.208909520868368,0.5593668610796283,25.343485567182306,10807.094,-2800.0
263,0,0,,,,,,,-8633.333333333332
264,0,1,3.51803386486462,2.6479207279724903,4.200309982421394,-1.8311195242792309,32.32889654966259,3121.672,-2822.222222222222
265,1,0,4.162950996258241,3.3543970686874927,4.209146036373753,0.5624551525691622,25.74425872850638,10719.016,-2833.333333333333
266,0,1,3.5236841955396794,2.6741633856529066,4.201124089732316,-1.8432799764914718,32.84488475360107,3120.86,-2844.4444444444443
267,0,0,,,,,,,-8766.666666666668
268,1,0,4.161013971943199,3.3434425218637385,4.210057230429361,0.5627679624873888,25.595338590346493,10806.437000000005,-2866.666666666667
269,0,0,,,,,,,-8833.333333333332
270,0,1,3.519146638240668,2.6892528956736257,4.198150316653697,-1.829798505957538,32.31731555011648,3103.828,-2888.888888888889
271,0,0,,,,,,,-8900.0
272,1,0,4.1629084383191435,3.3483684039657065,4.209716534256135,0.5562210579029739,25.09978697110705,10805.265,-2911.111111111111
273,0,0,,,,,,,-8966.666666666668
274,0,1,3.516233648608237,2.688809122993162,4.198524048997099,-1.8236746835609148,32.06376130177751,3095.094,-2933.333333333333
275,0,0,,,,,,,-9033.333333333332
276,1,0,4.161556080063684,3.350035915668947,4.209586501290089,0.5854608883421437,25.10980717855015,10208.062,-2955.5555555555557
277,0,0,,,,,,,-9100.0
278,0,1,3.514773138461639,2.6743555987897745,4.198840869468569,-1.8176720770210877,32.21997626855924,3095.781,-2977.777777777778
279,0,0,,,,,,,-9166.666666666668
280,1,0,4.163963297107284,3.3513347692589686,4.2090401069219165,0.5499619432864398,25.371319727334306,10807.219,-3000.0
281,0,0,,,,,,,-9233.333333333332
282,0,1,3.5132992979150073,2.6430294964336345,4.198119631667182,-1.8179238657973993,32.7120225448885,3094.328,-3022.222222222222
283,0,0,,,,,,,-9300.0
284,1,0,4.163591474928629,3.3506128503723054,4.209243624615146,0.5500855345895314,25.937420351426873,10805.906,-3044.4444444444443
285,0,0,,,,,,,-9366.666666666668
286,0,1,3.514484830704665,2.6584858447131823,4.198320288264955,-1.817160673909645,32.945022147355694,3086.531,-3066.666666666667
287,0,0,,,,,,,-9433.333333333332
288,1,0,4.1634038590427345,3.350128688133216,4.209412194077453,0.5559954002248091,25.854633339319907,10655.937000000005,-3088.888888888889
289,0,0,,,,,,,-9500.0
290,0,1,3.5109677353595243,2.629782173759164,4.1980467610750285,-1.8110297241968543,32.857549597381336,3085.625,-3111.1111111111113
291,0,0,,,,,,,-9566.666666666668
292,1,0,4.161977850610306,3.3508280926830882,4.208856368304407,0.5846599146768487,25.787542115810904,10117.172,-3133.3333333333335
293,0,0,,,,,,,-9633.333333333332
294,0,1,3.5109358749578012,2.6622967647315545,4.199047008209673,-1.8094435644526072,32.629663328789654,3067.203,-3155.5555555555557
295,0,0,,,,,,,-9700.0
296,1,0,4.165623166892737,3.3506354280123993,4.2096723781735434,0.5423706529012249,25.344864067680145,10805.86,-3177.777777777778
297,0,0,,,,,,,-9766.666666666668
298,0,1,3.509393098217416,2.682380966742509,4.197669918520713,-1.8026537331443495,32.379859014262976,3058.157,-3200.0
299,0,0,,,,,,,-9833.333333333332
300,1,0,4.166393374523762,3.350922144041792,4.209166908560572,0.5391223880182359,25.2776605000605,10806.328,-3222.222222222222
301,0,0,,,,,,,-9900.0
302,0,1,3.5066782411556563,2.6401894768922713,4.197600624105256,-1.8031542757366414,32.68215852457039,3058.812,-3244.4444444444443
303,0,0,,,,,,,-9966.666666666668
304,1,0,4.165957512196699,3.35125780661867,4.208895457764258,0.5425796127463848,25.790973204291312,10744.828,-3266.6666666666665
305,0,0,,,,,,,-10033.333333333332
306,0,1,3.5109885623008092,2.693769409137257,4.197985718630326,-1.7965666438696486,32.99387423636739,3058.578,-3288.8888888888887
307,0,0,,,,,,,-10100.0
308,1,0,4.166355420900779,3.3528581730372933,4.209632701272167,0.5374246335843941,25.936121509912226,10804.797000000006,-3311.1111111111113
309,0,0,,,,,,,-10166.666666666668
310,0,1,3.510305462695178,2.695787450704935,4.198164128530042,-1.7959771394311956,33.04539707211165,3049.328,-3333.3333333333335
311,0,0,,,,,,,-10233.333333333332
312,0,0,,,,,,,-10266.666666666668
313,0,1,3.5222215314850214,2.6920548172137724,4.222920057935785,-1.822916991757235,32.856295641052824,3177.219,-3366.6666666666665
314,0,0,,,,,,,-10333.333333333332
315,1,0,4.165583011785556,3.354145458071941,4.209028477452613,0.5455321253346221,25.891013405303514,10802.578,-3388.8888888888887
316,0,1,3.5163492154331264,2.629071246219689,4.200423045909808,-1.8294275689587538,33.33950238056361,3082.937,-3400.0
317,0,0,,,,,,,-10433.333333333332
318,1,0,4.161450485098774,3.348015808348912,4.209763047586473,0.5659145930808275,26.42800153627129,10544.452999999994,-3422.222222222222
319,0,0,,,,,,,-10500.0
320,0,1,3.5134397623234963,2.631343871050918,4.198372063670128,-1.816317296828028,33.35156485472646,3074.266,-3444.4444444444443
321,0,0,,,,,,,-10566.666666666668
322,1,0,4.163428705620306,3.3529759174446823,4.208874914689389,0.5517468859825273,26.21556986443908,10701.125,-3466.6666666666665
323,0,0,,,,,,,-10633.333333333332
324,0,1,3.515137522009075,2.6983970036642315,4.198353213898968,-1.8033689952639713,33.147486361012966,3066.0,-3488.8888888888887
325,0,0,,,,,,,-10700.0
326,1,0,4.165103475733391,3.3552183107405935,4.209803512518001,0.5403687480973645,25.960695609651008,10805.813,-3511.1111111111113
327,0,0,,,,,,,-10766.666666666668
328,0,1,3.50830390643132,2.6338485871981514,4.197873789078739,-1.802670753119494,33.007275861749356,3056.437,-3533.3333333333335
329,0,0,,,,,,,-10833.333333333332
330,1,0,4.1653575923861625,3.3540567989886063,4.208872213190271,0.5445908373365941,25.838168915840225,10693.438,-3555.5555555555557
331,0,0,,,,,,,-10900.0
332,0,1,3.509190808443004,2.671566207861818,4.197955644238241,-1.7958941337499832,32.91990812745461,3048.219,-3577.777777777778
333,0,0,,,,,,,-10966.666666666668
334,1,0,4.166173127483916,3.3543202199580766,4.209853693640944,0.5398317988996301,25.811823765569297,10708.406,-3600.0
335,0,0,,,,,,,-11033.333333333332
336,0,1,3.5068097579555353,2.6540810507928123,4.197918434710392,-1.795344963527795,32.99903328622305,3039.218,-3622.222222222222
337,0,0,,,,,,,-11100.0
338,1,0,4.166879439346124,3.3538194889943185,4.2088630113100365,0.5333558181112956,25.866599042915986,10805.297000000006,-3644.4444444444443
339,0,0,,,,,,,-11166.666666666668
340,0,1,3.50609090727422,2.656849703962618,4.197739340034368,-1.7893518988259454,33.03772281691292,3039.047,-3666.6666666666665
341,0,0,,,,,,,-11233.333333333332
342,1,0,4.16582569935258,3.3536880148349315,4.208838075023042,0.5543234174406872,25.932238529516265,10363.61,-3688.8888888888887
343,0,0,,,,,,,-11300.0
344,0,1,3.5037157727265953,2.6363048614501152,4.19785490446139,-1.7883879159763685,33.07740307192613,3030.375,-3711.1111111111113
345,0,0,,,,,,,-11366.666666666668
346,1,0,4.16768143102544,3.353396374532837,4.209529411772671,0.5293894058764592,25.8627841242131,10805.094,-3733.3333333333335
347,0,0,,,,,,,-11433.333333333332
348,0,1,3.5067479961367156,2.69951692300468,4.197306756122815,-1.7815447770741009,33.05467981523988,3021.0,-3755.5555555555557
349,0,0,,,,,,,-11500.0
350,1,0,4.168396588809721,3.354434207234332,4.209662720393985,0.5259649128373239,25.876664410701412,10805.5,-3777.777777777778
351,0,0,,,,,,,-11566.666666666668
352,0,1,3.5058813026542324,2.698216006032282,4.197528212001444,-1.7753115642966961,33.11570360624461,3021.75,-3800.0
353,0,0,,,,,,,-11633.333333333332
354,1,0,4.168735204362698,3.354272833395381,4.209010138135633,0.5239037468586069,25.90081245653995,10806.844,-3822.222222222222
355,0,0,,,,,,,-11700.0
356,0,1,3.504168333530808,2.6911707598773864,4.19743662221161,-1.7742377662318358,33.12942148982364,3012.265,-3844.4444444444443
357,0,0,,,,,,,-11766.666666666668
358,1,0,4.167738533245543,3.3532627894758096,4.209286321889628,0.5448665166311562,25.961139619102717,10367.906000000003,-3866.6666666666665
359,0,0,,,,,,,-11833.333333333332
360,0,1,3.5030568931470634,2.690162319231471,4.197717228550219,-1.773860289771637,33.130681310493344,3002.641,-3888.8888888888887
361,0,0,,,,,,,-11900.0
362,1,0,4.169622465731045,3.353429498656367,4.20906168640711,0.5200245527389034,25.847581583069786,10806.719,-3911.1111111111113
363,0,0,,,,,,,-11966.666666666668
364,0,1,3.4982324882487936,2.6355034454892072,4.192454851360723,-1.7809702419814517,33.20069210329718,3012.0,-3933.3333333333335
365,0,0,,,,,,,-12033.333333333332
366,1,0,4.1683659306021825,3.3525780744031093,4.209837365677117,0.5639413599870164,26.343040591685405,10043.172,-3955.5555555555557
367,0,1,3.5065859365661325,2.6594753656507684,4.202845001527377,-1.7879098523188452,33.78697527817091,3020.11,-3966.6666666666665
368,0,0,,,,,,,-12133.333333333332
369,1,0,4.16712940529248,3.3528818658863946,4.2098269996566815,0.5404870941917305,26.57680877670008,10569.812,-3988.8888888888887
370,0,0,,,,,,,-12200.0
371,0,1,3.501457140697961,2.644554999824577,4.197952808231904,-1.780229415660985,33.673365085761986,3002.172000000006,-4011.1111111111113
372,0,0,,,,,,,-12266.666666666668
373,1,0,4.165918636441142,3.3549736761488096,4.209674359299608,0.5700675452978637,26.497126053434993,9917.203,-4033.3333333333335
374,0,0,,,,,,,-12333.333333333332
375,0,1,3.501658387162809,2.6719601666204564,4.198017952345714,-1.7731015168894209,33.535818118317145,2992.703,-4055.5555555555557
376,0,0,,,,,,,-12400.0
377,1,0,4.167385475237739,3.353783910785033,4.209167062707327,0.5366016791657899,26.23246228056812,10317.406,-4077.777777777778
378,0,0,,,,,,,-12466.666666666668
379,0,1,3.4966186408455298,2.6598211033173382,4.192162800008929,-1.7705879947441516,33.32269982188509,2964.468,-4100.0
380,0,0,,,,,,,-12533.333333333332
381,1,0,4.1703511098068216,3.352797565070414,4.208855011933893,0.5156965790545791,26.000979471677365,10806.109,-4122.222222222222
382,0,0,,,,,,,-12600.0
383,0,1,3.4991645719433246,2.688360455508818,4.196993378341778,-1.7600629827474803,33.346230327490304,2983.375,-4144.444444444444
384,0,0,,,,,,,-12666.666666666668
385,1,0,4.1685257209213695,3.3534938324434367,4.2093630515127325,0.5519868280845809,26.304406677546186,10041.921,-4166.666666666666
386,0,0,,,,,,,-12733.333333333334
387,0,1,3.496080777360074,2.6376728619288525,4.197603515102162,-1.765575132998529,33.64948900485925,2975.297,-4188.888888888889
388,0,0,,,,,,,-12800.0
389,1,0,4.170374029841988,3.351842602525664,4.2099281798934305,0.5161189019622676,26.488314685413716,10719.281,-4211.111111111111
390,0,0,,,,,,,-12866.666666666666
391,0,1,3.4959014526387993,2.645120521151077,4.196406678544622,-1.7588271887545277,33.79269513542102,2974.9850000000006,-4233.333333333334
392,0,0,,,,,,,-12933.333333333334
393,1,0,4.171060912120711,3.352784743728,4.209625447385018,0.5108698391293734,26.360634597576503,10804.719,-4255.555555555556
394,0,0,,,,,,,-13000.0
395,0,1,3.49758697990267,2.698012437629632,4.197098662004674,-1.7516428147438297,33.52446663707275,2966.25,-4277.777777777778
396,0,0,,,,,,,-13066.666666666666
397,1,0,4.172102471144396,3.3525597572322092,4.209994497945742,0.5067976189540666,26.01371119236736,10805.687,-4300.0
398,0,0,,,,,,,-13133.333333333334
399,0,1,3.4956989619989507,2.6928942772989077,4.196909312093871,-1.7513097768253418,33.39042251934235,2956.359,-4322.222222222222
400,0,0,,,,,,,-13200.0
401,1,0,4.169895005190017,3.3516897442147413,4.209645673539432,0.5457592973240515,26.297723923750286,10011.406,-4344.444444444444
402,0,0,,,,,,,-13266.666666666666
403,0,1,3.492875380810072,2.6483923655058113,4.197105220217278,-1.7511840784846122,33.67370212742761,2956.344,-4366.666666666666
404,0,0,,,,,,,-13333.333333333334
405,1,0,4.172224402561897,3.3517133635514114,4.2095192868246425,0.5045087206649608,26.460055536819574,10806.625,-4388.888888888889
406,0,0,,,,,,,-13400.0
407,0,1,3.49551076423368,2.6832134764261997,4.196244829545076,-1.7446206812145286,33.91080564765892,2956.406,-4411.111111111111
408,0,0,,,,,,,-13466.666666666666
409,1,0,4.172390702305611,3.3514036655318793,4.209686875098169,0.5033829401421354,26.522125341707824,10805.563,-4433.333333333334
410,0,0,,,,,,,-13533.333333333334
411,0,1,3.4942333590450834,2.684960445221862,4.1968026018066595,-1.7436362428649814,33.7850680599871,2947.266,-4455.555555555556
412,0,0,,,,,,,-13600.0
413,1,0,4.17292540089804,3.3518264434107543,4.209097023225327,0.5011750295574352,26.304507189511508,10807.219,-4477.777777777778
414,0,0,,,,,,,-13666.666666666666
415,0,1,3.491197414255986,2.669922120529456,4.196227405416926,-1.7425325036061032,33.61126807392732,2937.984,-4500.0
416,0,0,,,,,,,-13733.333333333334
417,1,0,4.173506980483201,3.3507643062775467,4.20966048778739,0.4996699404165846,26.033862750089828,10805.547,-4522.222222222222
418,0,0,,,,,,,-13800.0
419,0,1,3.4889094081576237,2.664105530655056,4.196558172556389,-1.7419837011363046,33.45598581472246,2929.125,-4544.444444444444
420,0,0,,,,,,,-13866.666666666666
421,1,0,4.173120289801623,3.3505766058453985,4.209800153781022,0.5119592557446062,26.173877726061654,10510.453,-4566.666666666666
422,0,0,,,,,,,-13933.333333333334
423,0,1,3.487376295811431,2.634098605983684,4.196870541112335,-1.7421680980861822,33.723267448788484,2928.454,-4588.888888888889
424,0,0,,,,,,,-14000.0
425,1,0,4.171960284239058,3.350429078451017,4.208986473959438,0.5275401796076259,26.58087845459433,10202.781,-4611.111111111111
426,0,0,,,,,,,-14066.666666666666
427,0,1,3.491994243745711,2.68378702970616,4.196795527524874,-1.735841378420618,34.050076369857344,2929.375,-4633.333333333334
428,0,0,,,,,,,-14133.333333333334
429,1,0,4.171902834988741,3.3519051164645437,4.2094113854487585,0.5295981797881324,26.844678208638005,10140.858999999997,-4655.555555555556
430,0,0,,,,,,,-14200.0
431,0,1,3.491585878898649,2.660031949282934,4.189287343772767,-1.7567879869499758,33.889346908026745,2946.031,-4677.777777777778
432,1,0,4.1712738901121105,3.3517957395366507,4.209579923728784,0.5301690858655698,26.650851656256684,10340.672,-4688.888888888889
433,0,1,3.495576227046425,2.650011641082063,4.201144545237731,-1.7573176114092575,34.067648550088656,2955.438,-4700.0
434,0,0,,,,,,,-14333.333333333334
435,1,0,4.171468491878122,3.351648116958036,4.208897768601187,0.5117506163543526,26.644530238931335,10700.062999999995,-4722.222222222222
436,0,0,,,,,,,-14400.0
437,0,1,3.4938988589692483,2.6936969083341418,4.196925753814179,-1.7427628393326555,33.75168100943646,2937.625,-4744.444444444444
438,0,0,,,,,,,-14466.666666666666
439,1,0,4.172802234100528,3.3520081728180475,4.208949896486924,0.5081028567646714,26.22137188976638,10628.938,-4766.666666666666
440,0,0,,,,,,,-14533.333333333334
441,0,1,3.49159162968384,2.697073130067154,4.196901090271507,-1.7352637407600366,33.46482299584788,2929.078,-4788.888888888889
442,0,0,,,,,,,-14600.0
443,1,0,4.174124314497429,3.350690235802344,4.209016148652449,0.49584719215020134,25.981908446070978,10807.109,-4811.111111111111
444,0,0,,,,,,,-14666.666666666666
445,0,1,3.4885729299834787,2.6806995515145213,4.196688955833435,-1.7344350518111926,33.40210697922146,2918.375,-4833.333333333334
446,0,0,,,,,,,-14733.333333333334
447,1,0,4.174346392804098,3.3498557087920315,4.209823901420775,0.4976780837881712,25.957258610228184,10722.515,-4855.555555555556
448,0,0,,,,,,,-14800.0
449,0,1,3.4869021151089825,2.6695398084864568,4.196339302740304,-1.7280392046289716,33.410688917712235,2919.812,-4877.777777777778
450,0,0,,,,,,,-14866.666666666666
451,1,0,4.17489016638359,3.3487260291497885,4.209170290922202,0.49302618507032236,25.910664889466272,10772.969,-4900.0
452,0,0,,,,,,,-14933.333333333334
453,0,1,3.4855485210036417,2.671695307817951,4.196181412764837,-1.7326888725308258,33.38984948261314,2900.422,-4922.222222222222
454,0,0,,,,,,,-15000.0
455,1,0,4.17500186209585,3.3472982873443136,4.209747743387126,0.4924938743507686,25.915316403584885,10745.718999999997,-4944.444444444444
456,0,0,,,,,,,-15066.666666666666
457,0,1,3.4838912547260388,2.661289185949965,4.195770804194879,-1.7260735249920125,33.3700433438796,2901.375,-4966.666666666666
458,0,0,,,,,,,-15133.333333333334
459,1,0,4.175515479681168,3.346522932588962,4.209894860161395,0.4881521312448845,25.80295172183165,10807.094,-4988.888888888889
460,0,0,,,,,,,-15200.0
461,0,1,3.483198941484065,2.667817533540102,4.195456241846729,-1.7195393742714093,33.27215987470977,2901.187,-5011.111111111111
462,0,0,,,,,,,-15266.666666666666
463,1,0,4.174292387595526,3.347387991583747,4.2090419862189705,0.5207295046813237,25.798431586046714,10113.641,-5033.333333333334
464,0,0,,,,,,,-15333.333333333334
465,0,1,3.4836274447098883,2.684008069130594,4.19654355365607,-1.7185829844462923,33.222444215660225,2891.64,-5055.555555555556
466,0,0,,,,,,,-15400.0
467,1,0,4.175643593578711,3.344476114789535,4.2091512370452655,0.49324912975351554,25.716243739071537,10585.812,-5077.777777777778
468,0,0,,,,,,,-15466.666666666666
469,0,1,3.480172442538601,2.6585256208771644,4.194357133255019,-1.717672415155695,33.26207748383125,2882.906,-5100.0
470,0,0,,,,,,,-15533.333333333334
471,1,0,4.176577322242164,3.345621909727096,4.2089344930633095,0.483727693040275,25.721597233349875,10806.562,-5122.222222222222
472,0,0,,,,,,,-15600.0
473,0,1,3.478452148610975,2.6372250579822927,4.195863681881766,-1.7177080769362936,33.312029905516525,2883.265,-5144.444444444444
474,0,0,,,,,,,-15666.666666666666
475,1,0,4.176790229876768,3.344250467904019,4.20956126773023,0.4824487275661897,25.681959267638916,10805.281000000003,-5166.666666666666
476,0,0,,,,,,,-15733.333333333334
477,0,1,3.4785782556105507,2.6514257735606432,4.1955845546644195,-1.7109669363015376,33.25287943255863,2882.969,-5188.888888888889
478,0,0,,,,,,,-15800.0
479,1,0,4.176985790150989,3.3434587647361527,4.209087989190457,0.48404447233967585,25.624925482393323,10733.391,-5211.111111111111
480,0,0,,,,,,,-15866.666666666666
481,0,1,3.4825195584604582,2.676384659108382,4.188483624251573,-1.7184206130755166,33.745054045019884,2891.656,-5233.333333333334
482,1,0,4.177987238970751,3.3475444317933105,4.2096620077990865,0.48598493306923507,26.214209031070983,10805.547,-5244.444444444444
483,0,1,3.4886823636752826,2.6949138502817815,4.200346502821317,-1.7260471943596487,33.88841975386692,2901.25,-5255.555555555556
484,1,0,4.173973017733684,3.346596249241444,4.20979896478687,0.49112574705055223,26.418135656045987,10751.266000000003,-5266.666666666666
485,0,1,3.4858502383832755,2.6973343716306273,4.1981749992980655,-1.712021613408506,33.7353756996425,2891.703,-5277.777777777778
486,0,0,,,,,,,-16066.666666666666
487,1,0,4.17659968208389,3.347969939170728,4.209588279991649,0.48297491868712317,26.041050682309145,10805.625,-5300.0
488,0,0,,,,,,,-16133.333333333334
489,0,1,3.478794177297151,2.642540259937964,4.195715092938243,-1.711022510206629,33.59131052719714,2883.016,-5322.222222222222
490,0,0,,,,,,,-16200.0
491,1,0,4.177020484618747,3.3439377168826576,4.208963727299078,0.4810830469866139,25.78429991090836,10806.672,-5344.444444444444
492,0,0,,,,,,,-16266.666666666666
493,0,1,3.4812826020756744,2.699226257883075,4.195755769877104,-1.703421414006958,33.32366688599416,2873.453,-5366.666666666666
494,0,0,,,,,,,-16333.333333333334
495,1,0,4.176949472748766,3.3440394085174,4.209722877884705,0.4910575899778839,25.89460433493637,10502.453,-5388.888888888889
496,0,0,,,,,,,-16400.0
497,0,1,3.480352041587074,2.676480329780849,4.195911764444989,-1.703574708739156,33.691961507697364,2874.031,-5411.111111111111
498,0,0,,,,,,,-16466.666666666664
499,1,0,4.177167687873663,3.3441211905536,4.209676059278413,0.4824992021317717,26.21291162607548,10689.219,-5433.333333333334
500,0,0,,,,,,,-16533.333333333336
501,0,1,3.4781127815565127,2.642142168479886,4.195824004004723,-1.7034912994217157,33.887639684793655,2874.234,-5455.555555555556
502,0,0,,,,,,,-16600.0
503,1,0,4.176615170009566,3.342940481283274,4.209570995056534,0.4948718422742959,26.189195744166067,10436.453999999998,-5477.777777777778
504,0,0,,,,,,,-16666.666666666664
505,0,1,3.4765867130506125,2.644725254926797,4.196258226051591,-1.7023383270190764,33.67308060941856,2864.984,-5500.0
506,0,0,,,,,,,-16733.333333333336
507,1,0,4.176632324656065,3.3423355342925554,4.209447384056193,0.5046731629853417,25.925635492800915,10193.25,-5522.222222222222
508,0,0,,,,,,,-16800.0
509,0,1,3.4733769291841643,2.632270655366611,4.196612664794988,-1.7014238498912502,33.411988203265814,2855.093,-5544.444444444444
510,0,0,,,,,,,-16866.666666666664
511,1,0,4.178482558143892,3.3409100193242898,4.208946514436026,0.47658965552649,25.56161801380306,10733.703,-5566.666666666666
512,0,0,,,,,,,-16933.333333333336
513,0,1,3.4726366397371127,2.6391006118876117,4.195850781215982,-1.6950436046971957,33.29926524979532,2855.625,-5588.888888888889
514,0,0,,,,,,,-17000.0
515,1,0,4.178606107587668,3.3419417446795183,4.2097116328585535,0.4783950731989409,25.662187990962515,10647.812,-5611.111111111111
516,0,0,,,,,,,-17066.666666666664
517,0,1,3.473439372740961,2.637841830893275,4.1960023929619235,-1.695057731610264,33.59980731390034,2855.594,-5633.333333333334
518,0,0,,,,,,,-17133.333333333336
519,1,0,4.178293208291327,3.340993070052495,4.208975288401353,0.48013952405225957,25.980230716549915,10621.235,-5655.555555555556
520,0,0,,,,,,,-17200.0
521,0,1,3.4754777099091454,2.668286095904868,4.196207586734141,-1.6937809113323188,33.61961195858585,2847.437,-5677.777777777778
522,0,0,,,,,,,-17266.666666666664
523,1,0,4.1770810163384215,3.3415110902495564,4.20900687681348,0.5091449035270569,25.8806869522218,9969.577999999994,-5700.0
524,0,0,,,,,,,-17333.333333333336
525,0,1,3.4722884821666766,2.6490198126838553,4.195534582569042,-1.6869434054016965,33.3945201718652,2847.36,-5722.222222222222
526,0,0,,,,,,,-17400.0
527,1,0,4.1790092292724275,3.3394858458136367,4.209687609257486,0.4825845214419318,25.489728914515275,10501.094,-5744.444444444444
528,0,0,,,,,,,-17466.666666666664
529,0,1,3.471373665098864,2.664058512378051,4.1957439573980455,-1.6860649112944592,33.16734508187535,2837.328,-5766.666666666666
530,0,0,,,,,,,-17533.333333333336
531,1,0,4.179651289471171,3.338877397954293,4.209245312367315,0.47672479393770617,25.273691508203626,10570.735,-5788.888888888889
532,0,0,,,,,,,-17600.0
533,0,1,3.4726160162875095,2.6883611693898826,4.19586805747139,-1.6795829780331424,33.10962161613893,2837.281,-5811.111111111111
534,0,0,,,,,,,-17666.666666666664
535,1,0,4.180323596506419,3.340016083614076,4.209279196868547,0.464030392449307,25.44947305264886,10804.765,-5833.333333333334
536,0,0,,,,,,,-17733.333333333336
537,0,1,3.4738146874457896,2.6869753836302124,4.195347750909715,-1.679793840292355,33.46501751186519,2838.515,-5855.555555555556
538,0,0,,,,,,,-17800.0
539,1,0,4.178397414005577,3.3394210742343233,4.209621674026962,0.5004880344037268,25.781794240772307,10037.5,-5877.777777777778
540,0,0,,,,,,,-17866.666666666664
541,0,1,3.4701426486639693,2.6507536817766586,4.196065828878837,-1.6851739865098712,33.4426191014044,2828.328,-5900.0
542,0,0,,,,,,,-17933.333333333336
543,1,0,4.179704118943526,3.3399130661961682,4.209303699708371,0.475078474309667,25.68864253357384,10555.125,-5922.222222222222
544,0,0,,,,,,,-18000.0
545,0,1,3.467523652225441,2.6646322789106516,4.184534803011309,-1.6863812036302581,33.037928170775885,2838.265,-5944.444444444444
546,0,0,,,,,,,-18066.666666666664
547,1,0,4.183127253755657,3.3530063390337426,4.209605959425042,0.4667767313325743,25.5473433758295,10807.328,-5966.666666666666
548,0,1,3.4767525840839255,2.6400211837268666,4.201240476440081,-1.715777469309528,33.4949493613756,2864.547,-5977.777777777778
549,0,0,,,,,,,-18166.666666666664
550,1,0,4.177677029642593,3.3407373419757564,4.2088907582184145,0.4809565353388997,25.858105200686058,10790.062999999995,-6000.0
551,0,0,,,,,,,-18233.333333333336
552,0,1,3.4758956827369127,2.674198661305034,4.195703567262997,-1.7007216920098716,33.491363029025784,2846.39,-6022.222222222222
553,0,0,,,,,,,-18300.0
554,1,0,4.178254104663735,3.3388847884627486,4.2096990171081545,0.48250664989891084,25.762271564177254,10574.641,-6044.444444444444
555,0,0,,,,,,,-18366.666666666664
556,0,1,3.475812179626641,2.696427051131168,4.195744519551191,-1.6928138295817332,33.329808599922345,2837.969,-6066.666666666666
557,0,0,,,,,,,-18433.333333333336
558,1,0,4.1777864501467326,3.3382781008008675,4.208965703024872,0.5029299771656236,25.665322106933754,10074.109,-6088.888888888889
559,0,0,,,,,,,-18500.0
560,0,1,3.4746554404904435,2.6928340297696836,4.196363050482315,-1.6861104874993165,33.27302769298771,2838.156,-6111.111111111111
561,0,0,,,,,,,-18566.666666666664
562,1,0,4.179042925040038,3.338955474315249,4.209701588831816,0.4830613994014529,25.533014977562825,10423.047,-6133.333333333334
563,0,0,,,,,,,-18633.333333333336
564,0,1,3.472301781313945,2.681747855329962,4.1957929878569455,-1.685043785043406,33.229879126701434,2829.843,-6155.555555555556
565,0,0,,,,,,,-18700.0
566,1,0,4.1796653012106955,3.3390304483662616,4.209653239010418,0.47627891863461846,25.460985558962392,10534.046,-6177.777777777778
567,0,0,,,,,,,-18766.666666666664
568,0,1,3.4729305773503527,2.696791414385091,4.195797286482793,-1.678524839793589,33.20860833999321,2829.625,-6200.0
569,0,0,,,,,,,-18833.333333333336
570,1,0,4.179397929492487,3.338754457820943,4.2089086808202625,0.48753508913297783,25.497401087996412,10266.812000000005,-6222.222222222222
571,0,0,,,,,,,-18900.0
572,0,1,3.4696192030612285,2.664695973142795,4.196349384378125,-1.6839115230941766,33.236115055926255,2819.437,-6244.444444444444
573,0,0,,,,,,,-18966.666666666664
574,1,0,4.1801193410650805,3.337604125308679,4.209046572142359,0.4722817576490998,25.448154568524693,10568.109,-6266.666666666666
575,0,0,,,,,,,-19033.333333333336
576,0,1,3.470018470757559,2.679191623358613,4.195609431921248,-1.6773783325850857,33.18660088296571,2819.579,-6288.888888888889
577,0,0,,,,,,,-19100.0
578,1,0,4.180905341006991,3.338014963877101,4.209046904080791,0.4601208745029174,25.331277760037743,10798.344,-6311.111111111111
579,0,0,,,,,,,-19166.666666666664
580,0,1,3.470762691935287,2.699983457940659,4.195339917236225,-1.676425373206175,33.174058099115534,2810.672,-6333.333333333333
581,0,0,,,,,,,-19233.333333333336
582,1,0,4.180026342503464,3.3370508249552584,4.209068843248563,0.48226181054869705,25.474169291837303,10279.047,-6355.555555555556
583,0,0,,,,,,,-19300.0
584,0,1,3.468111467035994,2.666300786624286,4.1954020570061195,-1.67627880896028,33.253984518546055,2811.485,-6377.777777777777
585,0,0,,,,,,,-19366.666666666664
586,1,0,4.180051194279357,3.3372940334795382,4.209469599722886,0.4817078695645897,25.517578140682183,10299.39,-6400.0
587,0,0,,,,,,,-19433.333333333336
588,0,1,3.4648625780221494,2.6308501373847837,4.195685302232799,-1.6817992883033976,33.3198093248819,2802.422,-6422.222222222223
589,0,0,,,,,,,-19500.0
590,1,0,4.180646937833196,3.336178999164467,4.20895331166291,0.47029194969752847,25.507755071863212,10543.077999999994,-6444.444444444444
591,0,0,,,,,,,-19566.666666666664
592,0,1,3.467864133752208,2.673348140468748,4.195561297751176,-1.6750812261110137,33.33765795318198,2801.625,-6466.666666666667
593,0,0,,,,,,,-19633.333333333336
594,1,0,4.180771276246327,3.336674870115192,4.2096978774496145,0.47308079044000406,25.501142838576612,10430.109,-6488.888888888889
595,0,0,,,,,,,-19700.0
596,0,1,3.464021404592563,2.632763831012711,4.196066962029683,-1.675366426273468,33.29076744042025,2802.031,-6511.111111111111
597,0,0,,,,,,,-19766.666666666664
598,1,0,4.1803289001653905,3.33596846652155,4.208913317260355,0.4851420945408185,25.47614046458346,10154.094,-6533.333333333333
599,0,0,,,,,,,-19833.333333333336
600,0,1,3.4664623858156745,2.6687371180046218,4.196640912532072,-1.6744879201095209,33.27568841807217,2793.39,-6555.555555555556
601,0,0,,,,,,,-19900.0
602,1,0,4.18089241375241,3.336460166393717,4.209819008906641,0.47651105486530104,25.50648704649774,10316.906,-6577.777777777777
603,0,0,,,,,,,-19966.666666666664
604,0,1,3.46850906693551,2.696396337945361,4.1956235749123225,-1.6674467270234996,33.32067807371405,2793.39,-6600.0
605,0,0,,,,,,,-20033.333333333336
606,1,0,4.181591749623686,3.336584283248343,4.209558826223893,0.46321750047156923,25.517452651606238,10571.39,-6622.222222222223
607,0,0,,,,,,,-20100.0
608,0,1,3.466806213058136,2.6794834862925194,4.195862008850563,-1.6674702882406252,33.37314972896719,2792.485,-6644.444444444444
609,0,0,,,,,,,-20166.666666666664
610,1,0,4.180124598026874,3.335029160031238,4.209585024954352,0.4939321363212388,25.664855251476258,9892.375,-6666.666666666667
611,0,0,,,,,,,-20233.333333333336
612,0,1,3.471070722008039,2.6787137407179737,4.18482689434833,-1.6888978346592105,33.71351889594897,2802.016,-6688.888888888889
613,1,0,4.180701556427969,3.3377109352902776,4.2097142451021625,0.48985729035199777,25.433646971948875,10212.234,-6700.0
614,0,1,3.475472204020004,2.655378369801326,4.201968615940368,-1.6979281889133206,33.86531768239223,2820.39,-6711.111111111111
615,0,0,,,,,,,-20366.666666666664
616,1,0,2.8846037057332743,0.003365244223881807,4.985136965640462,-0.0009532872533643702,23.380012214093995,12.656000000000002,-6733.333333333333
